provincia,denominacion,localidad,direccion,horario_atencion,telefono
Buenos Aires ,Junta Evaluadora Cnel Suárez,Cnel Suárez,"Oficina de Discapacidad, Garabiladi y Avellaneda,
Edificio Prof. Daniel Parenti, Cnel Suárez",Martes 9:30 hs.,Tel: 02926-429471
Buenos Aires ,Junta Evaluadora Cnel Pringles,Cnel Pringles,Av Frondizi y Sarmiento,Miércoles de 8 a 12 hs,T.e. 02922-463803.
Buenos Aires ,Junta Evaluadora Monte Hermoso,Monte Hermoso,"Hosp Municipal Dr Ramón Carrillo, 
Calle Pto. Madryn y Dr. Zabala","2º y 4º Martes de c/mes de 13:00 a 15:00 
el 4º a confirmar",02921-481127/481333
Buenos Aires ,Junta Evaluadora Puan,Puan,"Hosp Municip Gobernador Ugarte
Juanena s/n 
(la junta fuciona al lado del Htal. en un CPA)",Viernes de 09 a 12:30 hs,"02923-488104/488542
02923-488302"
Buenos Aires ,Junta Evaluadora Guaminí,Guaminí,"Oficina de Acción Social de Laguna Alsina 
Calle España s/n","recep. de doc. lunes a viernes de 8 a 12
junta: Miercoles de 9 a 12",(02929) 493 356
Buenos Aires ,Junta Evaluadora Bahía Blanca,Bahía Blanca,Chiclana 451 (Planta Alta),"Atencion al publico: Lunes a Viernes de 8 a 13 hs
Juntas: Martes 15 a 18:30 hs.
Miercoles de 9 a 15 hs
Viernes de de 13 a 16 hs","0800-222-8554, 
0291-4527562, 
0291-4530422,
0291-5506020"
Buenos Aires ,Junta Evaluadora Villarino,Villarino,"funcionan dos juntas en diferentes lugares:
Zona Norte - Médanos - Moreno 41
Zona Sur - Pedro Luro - Hosp Pradere, 
calle 26Nº 81 (Pedro Luro)","Zona Norte: Todos los Lunes  8 a 13 hs.
Zona Sur: Todos los Jueves de 8 a 13 hs.","Tel de las dos: 
02927-432945 (Int 105)"
Buenos Aires ,Junta Evaluadora Pigüé (Saavedra),Pigüé (Saavedra),"Hosp y Maternidad Municip de Pigüé 
Calle Liniers 46",Jueves cada 15 dias 8:30 a 11 hs,Tel: 02923-476006
Buenos Aires ,Junta Evaluadora Tornquist,Tornquist,CAPS Sala Dr. Dante Berrettini - Filiberto 450,Miércoles de 12 a 17,0291-4940812 / 798
Buenos Aires ,Junta Evaluadora Carhué/ Adolfo Alsina,Carhué/ Adolfo Alsina,"Hospital Gral Jose de San Martin 
Avellaneda y A. Alsina","Lunes, Martes y Viernes de 14:00 a 16:30 hs
Jueves 8:30 a 11:30","Tel: 02936-432222 /
412843"
Buenos Aires ,Junta Evaluadora Tres Arroyos,Tres Arroyos,"Centro Municipal de Salud de Tres Arroyos
Primera Junta 400",Martes y Jueves 10:30 a 12:30,"tel:02983-439404/
430470"
Buenos Aires ,Junta Evaluadora Adolfo Gonzalez Chaves,Adolfo Gonzalez Chaves,Hospital Anita Elicagaray - Torchiari 200,Jueves 9 a 12 Hs.,Tel: 02983-484449
Buenos Aires ,Junta Evaluadora Coronel Dorrego,Coronel Dorrego,Hosp Municipal - El Indio 350,jueves 8 a 10 hs,"Tel: 02921- 452462 /
452312"
Buenos Aires ,Junta Evaluadora Cnel Rosales,Cnel Rosales,Avellaneda 690 (Esq. Luiggi) Punta Alta,"junta evaluadora: martes y mier a partir de 8:30 hs,
turnos: viernes de 7 a 8 hs, 
consulta y asesoramiento: lunes y jue de 8 a 11 hs",Tel: 02932-421237
Buenos Aires ,Junta Evaluadora Bahía Blanca 2da Instancia,Bahía Blanca 2da Instancia,Moreno 267 (Reg San I),Lunes de 9 a 13 hs,0291-4512268
Buenos Aires ,Junta Evaluadora Carmen de Patagones,Carmen de Patagones,Centro Integral del Discapacitado - Dr. Baraja 700,"junta evaluadora: lunes de 9 a 11 hs
turnos: lun, mierc y vier de 8 a 12 hs y de 14 a 20 hs, 
martes y jueves : de 14 a 20 hs",02920 461111
Buenos Aires ,Junta Evaluadora 9 de Julio,9 de Julio,Centro de Salud Diamantina - Tucumàn 2546,Miércoles de 14 a 18 hs,tel 02317-422348
Buenos Aires ,Junta Evaluadora Pellegrini,Pellegrini,Hospital Municipal (Ugarte 317),1 dia al mes de 8 a 13 hs,"Tel. Hosp. 02392-498120/660. 
Alvarez M. Eugenia 02392-498704"
Buenos Aires ,Junta Evaluadora América (Rivadavia),América (Rivadavia),CIC Lavalle y Eva Perón,"4to Viernes de 8 a 18 hs
Turnos de lunes a viernes de 11 a 13 hs",02337 40478990/89
Buenos Aires ,Junta Evaluadora Gral Villegas,Gral Villegas,Hospital Municipal - Isturiz S/N,Miercoles  y Viernes 13 a 15 hs,"Telefonos: 03388 423629
/423630/423631"
Buenos Aires ,Junta Evaluadora Daireaux,Daireaux,Mitre 345,1° jueves de cada mes de 8 a 17 hs.,02316-452133 int 138
Buenos Aires ,Junta Evaluadora Tres Lomas,Tres Lomas,"Sede de Servicio Social - Alberdi 555, Tres Lomas",,Tel. 02394-430244
Buenos Aires ,Junta Evaluadora Salliqueló,Salliqueló,Hosp Municipal de Salliqueló - Av 9 de julio 459,1 sabado de c / mes desde las 8:30 hs.,Tel. 02394-480001
Buenos Aires ,Junta Evaluadora Henderson (Hipólito Yrigoyen),Henderson (Hipólito Yrigoyen),Hosp Municipal Galvani-urquiza nº 502,2º miércoles de c / mes 15 hrs,tel:0214-452058/078 int. 52
Buenos Aires ,Junta Evaluadora Carlos Tejedor,Carlos Tejedor,Hosp Municipal Esteban y Santiago Garré,1º o 2º Lunes de cada mes de 08 a 16 hs,Tel. 02357 420103
Buenos Aires ,Junta Evaluadora Carlos Casares,Carlos Casares,"Centro Materno Infantil -
 Lamadrid 185 - Carlos Casares","1º miercoles de cada mes - De  14 a 19 hrs
En verano 13 a 20 hs.","TEL: 02395 451217 -
 adm 402395452018"
Buenos Aires ,Junta Evaluadora Trenque Lauquen,Trenque Lauquen,"Centro de Rehabilitacion Municipal
 ""Dr. Jorge A. Barracchia"" -  San Martin y Paso",Miercoles 13 a 17 hs,tel: 02392-419395/6 int. 20
Buenos Aires ,Junta Evaluadora Pehuajó,Pehuajó,Hospital Municipal Dr. Aramburu - Dean Funes 56,Jueves 12 a 16 hs.,02396-473230
Buenos Aires ,Junta Evaluadora Junín (Municipalidad),Junín (Municipalidad),Unidad Sanitaria XII - Dorrego 873,Lunes y Jueves de 14 a 17 hs,Tel. 236-4420785
Buenos Aires ,Junta Evaluadora Gral Viamonte,Gral Viamonte,"Hospital Municipal Eugenio Bargas
Calle Passo de la Cdad de Los Toldos 
(Gral Viamonte)",1er Jueves de cada mes de 14 a 20 hs.,Tel. 02358-442458
Buenos Aires ,Junta Evaluadora Leandro Alem,Leandro Alem,Hosp Municipal - Mendoza e/ Belgrano y La Rioja - Vedia,,Tel: 02354-422600/420645
Buenos Aires ,Junta Evaluadora Gral Pinto,Gral Pinto,Ex estacion del Ferrocarril  Mitre y Rivadavia,2º Martes del mes por la mañana,Tel. 02356-420467/75
Buenos Aires ,Junta Evaluadora Ameghino,Ameghino,Av San Martín 281,Todos los dias por la mañana,tel: 03388 - 471949 Roxana
Buenos Aires ,Junta Evaluadora Chacabuco,Chacabuco,Hospital Municipal - Av Garay y Salta,Miercoles de 8 a 13,Tel: 02352-430799/824/828
Buenos Aires ,Junta Evaluadora General Arenales,General Arenales,Sarmiento 276,Miercoles de 11 a 16 hs,Tel: 02353-460055 / 460442 / 460515
Buenos Aires ,Junta Evaluadora Lincoln,Lincoln,Juntas - CIC Plaza España - Av Maipú y Menarvino,Miercoles de 17 a 21 hs,02355-424977 / Tel. 02355-424977
Buenos Aires ,Junta Evaluadora Hospital Piñeyro (Junín) - 2da instancia,Hospital Piñeyro (Junín) - 2da instancia,"HIGA Adrián Piñeyro, Junín.",Martes y Miércoles de 15 hs a 19 hs,Tel: 02362-433108
Buenos Aires ,Junta Evaluadora San Antonio de Areco,San Antonio de Areco,Hospital Emilio Zerboni  - Moreno 90,1º y 3º viernes de cada mes de 8 a 10,02326-455567/452759
Buenos Aires ,Junta Evaluadora Colón,Colón,Hospital Municipal - 50 entre 12 y 13,Lunes y jueves desde las 12 hs.,02473-430416/18/20 int. 241
Buenos Aires ,Junta Evaluadora Capitan Sarmiento,Capitan Sarmiento,Htal. Municipal San Carlos (Avda San Martin 450),"Junta: Viernes cada 15 dias de 8 a 12 hs.
Turnos: Lunes a Viernes por la mañana",02478 483191/481311
Buenos Aires ,Junta Evaluadora Pergamino - 1,Pergamino - 1,"Centro de atencion primaria Salvador Mazza -
 Vte. Lopez y Balboa",Lunes a Viernes de 8 a 12 hs.,Tel. 02477-414277
Buenos Aires ,Junta Evaluadora Pergamino - 2da instancia,Pergamino - 2da instancia,Hospital San Jose - Liniers 950 e Italia,,02477-429795 al 429799
Buenos Aires ,Junta Evaluadora Ramallo,Ramallo,Hosp José María Gomendio - Calle Gomendio 1374,Miercoles a las 8 hs.,03407-421555/666
Buenos Aires ,Junta Evaluadora San Andrés de Giles,San Andrés de Giles,Hospital San Andres - Av. Presidente Campora 1399,Lunes 13 a 16 hs   y    Martes 7 a 9 hs,02325-442125
Buenos Aires ,Junta Evaluadora San Pedro,San Pedro,Municipalidad de San Pedro - Olivera Cesar 280,martes de 8 a 13 Hs,03329-420430
Buenos Aires ,Junta Evaluadora Carmen de Areco,Carmen de Areco,Direccion de salud - Belgrano 710,"Junta: Lunes cada 15 dias de 11 a 14 hs.
Turnos: Lunes a Viernes de 8 a 14 hs.",Tel. 02273-440236
Buenos Aires ,Junta Evaluadora San Nicolas de los Arroyos - 1,San Nicolas de los Arroyos - 1,Pellegrini 111 - San Nicolas de Los Arroyos,Lunes a Jueves 14:00 a 19:00,0336-44508830
Buenos Aires ,"Junta Evaluadora San Nicolas de los Arroyos
 (2° instancia p/ pacientes del Hosp)","San Nicolas de los Arroyos
 (2° instancia p/ pacientes del Hosp)",Hospital San Felipe - Moreno 34- San Nicolás,"lunes, miercoles y viernes de 8 a 12 Hs.",0336-4422880
Buenos Aires ,Junta Evaluadora Rojas,Rojas,Hospital Municipal de Rojas - Av. 25 de mayo 717,"Junta: Martes cada 15 dias 8:30 a 15:30
Turnos: Lunes a Viernes 6 a 14 hs.",02475-465410/5316
Buenos Aires ,Junta Evaluadora Baradero,Baradero,Municipalidad de Baradero - San Martin 905,"martes 15hs a 18hs para dar turnos.
Miércoles 15 a 18 hrs","Tel. 03329-482900 int. 217
03329-15603907/15602465"
Buenos Aires ,Junta Evaluadora Salto,Salto,CIC - Viamonte y Del Valle,Dia Miercoles cada 15 días,Tel. 02474-423798
Buenos Aires ,Junta Evaluadora Arrecifes,Arrecifes,Ramon Lorenzo N° 35. (Centro de Salud),Martes y jueves a las 9 a 12 Hs.,02478-451327 / 451327
Buenos Aires ,Junta Evaluadora San Miguel,San Miguel,Paunero 1136,martes a viernes de 9 a 15 hs,tel: 4667-5882 / 4451-5825/5847
Buenos Aires ,Junta Evaluadora San Isidro - I,San Isidro - I,"Hosp. Central ""Dr. Melchor A. Posse"" - Santa Fe 431","Lunes y martes de 7,30 a 13,30 Hs.",Tel. 4512-3762
Buenos Aires ,Junta Evaluadora San Isidro - II,San Isidro - II,"Hospital Materno Infantil Carlos Gianantonio - 
Diego Palma 505, San Isidro",Viernes de 9 a 12 hs,Tel. 4512-3903/03
Buenos Aires ,Junta Evaluadora Pilar,Pilar,Ambrosetti y los Perales (Centro Pilares de Esperanza),lunes a jueves de 8 a 14hs,0230-4644211
Buenos Aires ,Junta Evaluadora San Fernando,San Fernando,Necochea 1398 esq. Lavalle,Turnos e informes ( jueves y viernes de 8 a 12 hs.),Tel. 4744-4791
Buenos Aires ,"Junta Evaluadora Hosp Manuel Belgrano 2da Instancia 
(Fue Junta de 1dra Instancia hasta diciembre el 09)","Hosp Manuel Belgrano 2da Instancia 
(Fue Junta de 1dra Instancia hasta diciembre el 09)","Hospital Manuel Belgrano -
 Av de los Constituyentes 3120, Villa zagala, San Martín",Lunes a jueves: orientación de 08 a 12 hs,Tel:4752-8450 / 47552228 int. 131
Buenos Aires ,Junta Evaluadora Tigre,Tigre,"Dirección de Discapacidad - Canadá Esq. Ruta 197, El Talar",lúnes a viernes de 8 a 14 hs,Tel. 4736-4928
Buenos Aires ,Junta Evaluadora Jose C Paz,Jose C Paz,Direccion Gral de Discapacidad - Hipolito Irigoyen 3551,Lunes a Viernes de 08 a 13 hs.,02320-431235
Buenos Aires ,Junta Evaluadora Vicente Lopez,Vicente Lopez,Hospital Houssay  - Hipolito Irigoyen 1757,,tel.4796-7200
Buenos Aires ,Junta Evaluadora Exaltación de la Cruz,Exaltación de la Cruz,Oficina Desarrollo Social - E. Urcelay esq irizar,Martes y Jueves a confirmar horario,tel: 02323-491379
Buenos Aires ,"Junta Evaluadora Centro Reha. Drozdowski. 
Malvinas Argentinas","Centro Reha. Drozdowski. 
Malvinas Argentinas",Cuba 2030. Malvinas Argentinas,L a V 8 hs. a 12:30 hs,Tel: 02320-629931/32
Buenos Aires ,Junta Evaluadora Gral San Martín (Municipio),Gral San Martín (Municipio),"Hospital Municipal Dr. Diego E. Thompson - 
Avellaneda 33. Gral San Martín","Lunes, Martes y Viernes 8 a 13 hs.
Miercoles y Jueves 13 a 17 hs.",Tel. 4512-6971
Buenos Aires ,Junta Evaluadora Escobar - Pediatrica,Escobar - Pediatrica,"Sarmiento 41 (ruta 25) Matheu, Escobar",Lunes 9 a 14 Hs.,0348-4434581
Buenos Aires ,Junta Evaluadora Escobar -Adultos,Escobar -Adultos,"Sarmiento 41 (ruta 25) Matheu, Escobar",Viernes de 8 a 17 Hs.,0348-4434536
Buenos Aires ,"Junta Evaluadora Instituto Municipal de Rehabilitacion
 Dr.  A. Marini. Municipalidad de Vte López","Instituto Municipal de Rehabilitacion
 Dr.  A. Marini. Municipalidad de Vte López","Instituto Municipal de Rehabilitacion Dr.  A. Marini. 
Av. Maipu 3075. Olivos",Jueves de 10 a 13 hs,4513-9868/69
Buenos Aires ,Junta Evaluadora Campana,Campana,"Hospital Municipal San José de Campana - 
Alberti 576. Campana",Miercoles de 08 a 15 hs,03489-439420
Buenos Aires ,Junta Evaluadora Zarate,Zarate,"Centro Integrador Comunitario (CIC) -
 Pellegrini y Agustin Alvarez","Lunes 15 a 18 hs, Martes y Viernes 16 a 19 hs",03487-446690/ 03487-15535679
Buenos Aires ,Junta Evaluadora Avellaneda,Avellaneda,"Desarrollo Social Area de Discapacidad -
 Av. Pavon 381  1º Piso",Lunes a  Viernes 9 a 14 hs.,Tel. 5227-7762
Buenos Aires ,Junta Evaluadora Berazategui,Berazategui,Unidad sanitaria Nº 1 Dr Sábatto Av. 14 e/ 131 y 132,"Lunes,Martes, Jueves  y Viernes 10 a 13 hs.",4256-1216/1199/ 4226-5775
Buenos Aires ,Junta Evaluadora Quilmes,Quilmes,A. Argentina 1275 entre Derqui y Ceballos,"Lunes, martes y jueves  de 13 a 15:30 Hs",Tel:  4278-9791
Buenos Aires ,Junta Evaluadora Esteban Echeverria Junta1,Esteban Echeverria Junta1,Santa Catalina 231- Luis Guillón,Lunes a jueves de 10 a 13 hs,4281-3818
Buenos Aires ,Junta Evaluadora Lomas de Zamora,Lomas de Zamora,INDIAM Entre Ríos 1060,Lunes de 8 a 14 y viernes de 9 a 15 hs,Tel: 4283-2549 / 2057-4084
Buenos Aires ,Junta Evaluadora Ezeiza,Ezeiza,"Sede: Secretaria de Desarrollo Social. 
Municipalidad de Ezeiza, Sarmiento 225, Tristán Suárez",Mart y Mier 10 a 14 Juev 12 a 14 hs,4234-3465/42342425
Buenos Aires ,Junta Evaluadora Lanus,Lanus,"Hospital Melo - Av Villa de Luján 3050 y Albarracin - 
Remedios de Escalada, Lanus Este","Lunes, martes y miércoles de 8 a 12",4246-0868/6491
Buenos Aires ,Junta Evaluadora Almirante Brown,Almirante Brown,"Hospital Dr. José Maria Jorge (Burzaco) 
Pte Peron 870  (Ex Gorriti) (enfrente Hosp Menendez)",Lunes 9 hrs Miercoles 15 hrs,Tel. 4294 8308/8100/1384
Buenos Aires ,Junta Evaluadora Almirante Brown - 2da instancia,Almirante Brown - 2da instancia,"Hospital Dr. José Maria Jorge - 
Pte Peron (Ex Gorriti) 300",,42948100/42941384
Buenos Aires ,Junta Evaluadora Florencio Varela,Florencio Varela,"Centro de Salud Barrio Santa Rosa
Bucarest entre Alemania y Cafferata","Juntas (Lunes 8 a 14 hs - Martes de 10 a 14 hs)
Turnos (Lunes a Viernes de 8 a 14 hs)",Telefono 4237-1308 /  5364-1707
Buenos Aires ,"Junta Evaluadora Hospital Mi Pueblo - 
Florencio Varela","Hospital Mi Pueblo - 
Florencio Varela",Hospital Mi Pueblo - Progreso 240,lunes y miercoles de 8 a 11 hs,tel. 4255-7809
Buenos Aires ,Junta Evaluadora Gral Rodríguez,Gral Rodríguez,"Municipalidad de Gral Rodriguez - 
calle 2 de Abril e Intendente Garrahan",,0237 4841547 int 18
Buenos Aires ,Junta Evaluadora HIGA Vte. Lopez y Planes- Gral Rodriguez.2da Instancia,HIGA Vte. Lopez y Planes- Gral Rodriguez.2da Instancia,HIGA Vte. Lopez y Planes- Gral Rodriguez.,Miercoles de 8 a 14 Hs.,0237 4841782 / 0237 4840023 int160
Buenos Aires ,Junta Evaluadora Luján,Luján,"Dirección de Discapacidad de Luján - 
Colón Nº 1177, Luján.",Martes de una semana Jueves de otra,02323 429 498
Buenos Aires ,Junta Evaluadora Marcos Paz,Marcos Paz,"CIC - Juan Domingo Perón y Eva Perón - 
Barrio Nuestra Señora de la Paz",Martes y jueves de 9:00 hs a 13:00 hs,Tel: 0220 4776641
Buenos Aires ,Junta Evaluadora Gral Las Heras,Gral Las Heras,Las Heras 835- Servicio Local,Viernes de 14:00 a 19:00 hs,0220 4761322
Buenos Aires ,Junta Evaluadora Moreno,Moreno,"Nemesio Álvarez Nº 371 
entre Independecia y Moreno","Lunes 12 a 17hs, Martes 8 a 14 hs, 
Miercoles 8 a 17 hs, Viernes 8 a 14 hs",0237 4600059 / 4626701 / 0090
Buenos Aires ,Junta Evaluadora Tres de Febrero,Tres de Febrero,Urquiza 4473,Lunes a Viernes de 8 a 12 hs.,Tel. 4587-5618
Buenos Aires ,Junta Evaluadora Hurlinghan,Hurlinghan,"Junta: Solis 1650
Turnos: Hospital San Bernardino de Siena 
- Argerich 1650",,"Junta: 4452-6918
4452-1694 / 4662-0088"
Buenos Aires ,Junta Evaluadora Morón - sede 1,Morón - sede 1,"Centro de Atención Primaria Dr Springolo
Galán 655, E/Pedernera y Victorica (El Palomar)",Jueves 12 a 15 hs.,4751-3791/8961
Buenos Aires ,Junta Evaluadora Morón - sede 2,Morón - sede 2,"Dir de Discapacidad de Morón - Calle Buen Viaje 968, Morón.",Lunes a Viernes 8:30 a 14 hs.,4489-7777 / 7774 int 5176
Buenos Aires ,Junta Evaluadora Ituzaingó,Ituzaingó,Municipalidad de Ituzaingo - Soler 255,,4623-5094
Buenos Aires ,Junta Evaluadora Merlo,Merlo,"Comisión Municipal del Discapacitado -
Avellaneda 453","At. Al público: Lunes a viernes de 8 a 14 hs.
Juntas:  miercoles de 8 a 13,
 martes, jueves y viernes de 13 a 18",0220 4821865
Buenos Aires ,Junta Evaluadora Open Door,Open Door,Av. Dr. Cabred y Filiberto S/N  - Luján (6708),Martes de 08 a 13 hs.,"02323-496515 / 496699 /
 496405 / 496249 / 496559"
Buenos Aires ,Junta Evaluadora Ayacucho,Ayacucho,Centro Civico Municipal - 9 de Julio 755,Martes 17 a 21 hs. y Martes 13 a 17 hs.,Teléfono: (2296) 45-2099
Buenos Aires ,Junta Evaluadora Gral Lavalle,Gral Lavalle,"Hosp Municip Sagrado Corazón de Jesús,
calle Arturo de la Serna 1064",Jueves de 10 a 12 hs,"02252 491207 intendencia 
02252491037/491213 - Ana"
Buenos Aires ,Junta Evaluadora Maipú,Maipú,"Sec de Salud y Acción Social, Calle Rivadavia 455",Lúnes a Viernes de 08 a 12 hs,02268 422016/421153/421047/421371
Buenos Aires ,Junta Evaluadora Mar del Plata,Mar del Plata,Pescadores 456,"lunes, jueves y viernes de 8:30 a 12:30",2234803053 int 112
Buenos Aires ,"Junta Evaluadora Region VIII Mar del Plata
  - 2da Instancia","Region VIII Mar del Plata
  - 2da Instancia",Hospital Descentraliazado Region VIII,Martes y Miercoles de 08 a 13 hs,
Buenos Aires ,Junta Evaluadora Pinamar,Pinamar,Hosp Comunitario de Pinamar - Av. Shaw 255,miércoles de 13 a 16 hs,02254491670 int 675/708
Buenos Aires ,Junta Evaluadora Villa Gesell,Villa Gesell,"Hospital Municipal Villa Gesell ""Dr. Aruro Illia"" -
 Paseo 124 y Av. 8",Miercoles de 10 a 13 hs.,02255-460777 / 453458
Buenos Aires ,Junta Evaluadora Balcarce,Balcarce,Av. Del Valle esq. calle 12,"Lunes y viernes de 13,30 a 16 hs.",02266 421898
Buenos Aires ,Junta Evaluadora Municipalidad de La Costa,Municipalidad de La Costa,"CIC Av 26 Nro. 1550 y calle 29, Las Toninas.",Martes de 13 a 17  hs,02246-432279 / 02246-433091/433015
Buenos Aires ,Junta Evaluadora Loberia,Loberia,Hospital Municipal - Av. San Martin 1157,Miercoles de 17 a 20 Hs.,02262-470100 / 02261-442105
Buenos Aires ,Junta Evaluadora Gral Madariaga,Gral Madariaga,Hospital Municipal - Av. Buenos Aires y Echeverria,Martes de 9 a 11,02267 421017 Sec. De Salud
Buenos Aires ,Junta Evaluadora Mar Chiquita,Mar Chiquita,Hospital Cnel Vidal Belgrano 250,Miercoles 9 a 12 y jueves 14 a 18 c/ 15 dias,(02265) 432340 / 432332
Buenos Aires ,Junta Evaluadora General Guido,General Guido,"Sala de primeros Auxilios Gral. Guido -
 San Martín 294.",,02268-491028 / 491134 fax
Buenos Aires ,Junta Evaluadora General Alvarado- Miramar,General Alvarado- Miramar,Hospital Municipal Diagonal Dupuy 1550,"Turnos Lu. A Vi. 8 a 12 Hs. 
Junta: Martes de 8:30 a 11:30 Hs.",02291-431232
Buenos Aires ,Junta Evaluadora Tandil,Tandil,Municipalidad de Tandil - Alem 1406,"Turnos lu. A Vi. 10 a 13 hs
Junta: Lunes, Miércoles y viernes de 16 a 20 hrs",0249-4422010/422011 int. 225
Buenos Aires ,Junta Evaluadora San Cayetano,San Cayetano,Calle 9 de Julio 1170,Lunes y Jueves 8:30 a 11 hs,02983 - 470106
Buenos Aires ,Junta Evaluadora Necochea - 1,Necochea - 1,"Hospital Irurzun Calle 541 nro, 3550",miercoles de 7:30 a 16 Hs.,02262-450052/451454 int 18
Buenos Aires ,Junta Evaluadora Necochea - 2da Instancia,Necochea - 2da Instancia,"Hspital Neuropsiquiatrico Dr. Taraborelli
Calle 49-1868",,02262-428538/425164
Buenos Aires ,Junta Evaluadora Benito Juárez,Benito Juárez,"Secretaría de Salud, Zibecchi nº 74.",Jueves y Viernes de 08 hs a 14 hs,Tel: 02292-452002
Buenos Aires ,Junta Evaluadora Gral Lamadrid,Gral Lamadrid,Hospital Municipal Calle Dr Etchegaray s/n,miércoles de 08 a 10 hs,02286 420036/420404
Buenos Aires ,Junta Evaluadora Las Flores,Las Flores,"Junta: Belgrano y Sordeaux. 
Turno: Hirigoyen 390",2º Martes de cada mes realizan Junta de 9 a 14 hrs,Tel. 02244-444993
Buenos Aires ,Junta Evaluadora Olavarría,Olavarría,"Hospital Municipal  Dr. Héctor Cura  - 
Rivadavia 4057 esq sarmiento.","Lunes, martes y jueves de 14 a 17:30",02284 440800/4 int 2115
Buenos Aires ,Junta Evaluadora Tapalqué,Tapalqué,Hospital Municipal 9 de Julio 961,Viernes de 12:30 a 17:30,02283 420333/456
Buenos Aires ,Junta Evaluadora Azul,Azul,"Hospital Municipal Dr.  Ángel Pintos 
Amado Diab 270 (ex. Sta fe)",Jueves de 8 a 12 hs.,02281 422746/435200 int. 123
Buenos Aires ,Junta Evaluadora Bolivar,Bolivar,"Dirección de discapacidad, Av. Gral Paz 900, Bolivar
Turnos: Arenales 58",Miercoles de 14 a 17 hs.,Tel Munic. 02314-427203/04
Buenos Aires ,Junta Evaluadora Rauch,Rauch,"Hosp Municipal Gral Díaz Vélez - 
Alberti 450",2º jueves de c / mes a las 13 hs,02297-442620/442240
Buenos Aires ,Junta Evaluadora Gral Alvear,Gral Alvear,"Calle B Althabe 1041, Gral Alvear",Martes 15 a 18 hs,02344-481154
Buenos Aires ,Junta Evaluadora Laprida,Laprida,Hospital Pedro Sancholuz - Sancholuz y Lavalle,1º y 3º jueves de c / mes a las 15 hs,02285 420182/420017/420340
Buenos Aires ,Junta Evaluadora Hosp. Zonal Materno Infantil Argentina Diego de Azul (Segunda instancia),Hosp. Zonal Materno Infantil Argentina Diego de Azul (Segunda instancia),A. Prat Nro 521,Lunes 9 a 11 hs - Miércoles de 11 a 13 hrs.,02281- 424150
Buenos Aires ,Junta Evaluadora Mercedes,Mercedes,Dirección de salud: Calle 25 e/28 y 30 PB,Lun y Jueves de 12.30 a 17hs.,02324 434999 int 19
Buenos Aires ,Junta Evaluadora Suipacha,Suipacha,Calle Dr Cusa 251,1º lúnes de c/mes de 12 a 15 hs,02324-480087
Buenos Aires ,Junta Evaluadora 25 de Mayo,25 de Mayo,"Hosp Saturnino Unzué, calle 37 y 1",último martes de c/ mes de 9 a 13 hs,02345 - 464849/462267
Buenos Aires ,Junta Evaluadora Alberti,Alberti,Hosp Nuestra Sra de la Merced Arias y Fox,1º miércoles de c / mes de 14 a 16 hrs,02346- 470454 int 28
Buenos Aires ,Junta Evaluadora Bragado,Bragado,"Sec de Desarrollo Social, Alem 1576",Martes  y Mierc de 14.30 a 18 hs.,02342 421875/421409/431497
Buenos Aires ,Junta Evaluadora Lobos,Lobos,"Municipalidad de Lobos, Salgado Nro 40",1º y 3 ºLunes de cada mes de 14 a 18 hs.,02227-431450/6
Buenos Aires ,Junta Evaluadora Navarro,Navarro,"Hospital San A de Padua Navarro
 Calle 16 Nro 750 e/115 y 117",,02272-430005/668/782
Buenos Aires ,Junta Evaluadora Roque Perez,Roque Perez,"Hospital Municipal Dr. R Carrillo
 Rawson y Pte Peron",Viernes de 9 a 12 hs,02227-492617
Buenos Aires ,Junta Evaluadora Saladillo,Saladillo,CE.DI.FI.SA Rivadavia 3062,1 vez al mes,02344453030 int 25
Buenos Aires ,Junta Evaluadora Chivilcoy,Chivilcoy,"Hospital Municipal de Chivilcoy
 Hijas de San Jose Nº 31","miercoles de 11.30 a 13.30 y
 jueves de 14.00 a 16.00 Hs",02346 423 210 int 115
Buenos Aires ,Junta Evaluadora Magdalena,Magdalena,"Hosp Municip S María Magdalena
Las Heras 348",Martes de 10 a 12 hs,(0221) 453313 / 453443 / 453308
Buenos Aires ,Junta Evaluadora Ensenada - 1era instancia Res 99/2011,Ensenada - 1era instancia Res 99/2011,Alem esq Brasil Desarrollo Social de la Municipalidad de Ensenada,Jueves 9 a 13 hs,Tel. 0221-4600931
Buenos Aires ,Junta Evaluadora Hosp El Dique - (Ensenada) - 1º instancia Res 99/2011,Hosp El Dique - (Ensenada) - 1º instancia Res 99/2011,"Calle 129 y 51, Ensenada",1 jueves de cada mes de 8:30 a 12:30 hs,Tel: 0221 - 4210093
Buenos Aires ,Junta Evaluadora  Ranchos - Gral Paz,Ranchos - Gral Paz,Hosp Campomar - Av Campomar 3413,,Tel: 02241-475250 / 475245
Buenos Aires ,Junta Evaluadora Punta Indio,Punta Indio,Hosp Hernández - Calle 30 - Verónica,1º sabado de cada mes,Tel: 02221-480677/678
Buenos Aires ,Junta Evaluadora Hosp Sor María Ludovica  (La Plata)  - 2 º instancia - 99/2011,Hosp Sor María Ludovica  (La Plata)  - 2 º instancia - 99/2011,"Instituto de Investigaciones Pediatricas Dr. Vitteri (IDIP)
Calle 14 entre 65 y 66 2º piso consultorio 11","Viernes de 8,30 a 13 hs",Tel: 0221-4535901 - 06
Buenos Aires ,Junta Evaluadora Hosp Rodolfo Rossi  (La Plata)  - 1era instancia Res 99/2011,Hosp Rodolfo Rossi  (La Plata)  - 1era instancia Res 99/2011,"Calle 37 nº 183, La Plata (entre 116 y 117)",,0221-4828821/ al 24
Buenos Aires ,Junta Evaluadora Presidente Perón,Presidente Perón,"Unidad Sanitaria Eva Duarte de Perón / Jauretche y calle 12, Guernica",Lunes de 13 a 16 hs.,Tel. (02224) 473500 int. 278
Buenos Aires ,Junta Evaluadora Municipalidad de S.M. del Monte,Municipalidad de S.M. del Monte,Subsecretaria de Salud - Rojas 787,,Tel: 02271- 407606 /  Htal. Zenon Videla da la Dorna     Tel. 02271-443605
Buenos Aires ,Junta Evaluadora Cañuelas,Cañuelas,Hosp Marzetti - Rawson 450,Hacen Junta 1 vez x mes Ultimo Miercoles del mes!,Tel: 02226-421626 / 430555
Buenos Aires ,Junta Evaluadora Brandsen,Brandsen,Secretaría de Salud y Desarrollo Humano - Saenz Peña 704 y San Martin,Martes de 13:30 a 16:30 hs.,Tel. 02223-443400
Buenos Aires ,Junta Evaluadora Gral Belgrano,Gral Belgrano,Hospital Juan E de la Fuente - Av. España N° 325,,02243-452148/259
Buenos Aires ,Junta Evaluadora Castelli,Castelli,Hosp Dr Ramón Carrillo - San Martín Nº 17,Sábados cada dos meses,Tel: 02245-480223
Buenos Aires ,Junta Evaluadora Hospital Interzonal Gral de Agudos San Roque de Gonnet - 1era instancia - Dispo 102/11,Hospital Interzonal Gral de Agudos San Roque de Gonnet - 1era instancia - Dispo 102/11,Calle 508 entre 18 y 19 - La Plata,Miércoles y viernes de 13 a 14.30 hs,tel: 0221-4840294 -
Buenos Aires ,Junta Evaluadora Hosp Alejandro Korn (Melchor Romero) - 1º instancia Res 99/2011,Hosp Alejandro Korn (Melchor Romero) - 1º instancia Res 99/2011,Calle 175 y 520 - Melchor Romero,"Funciona Lunes y Jueves de 8,30 a 12 hs Visceral, Motora y Visual / martes y miercoles 9 a 11 Junta Psquiatrica",Tel: 0221 4780181/2 Int 360
Buenos Aires ,Junta Evaluadora Hospital Sbarra (La Plata) - 1º instancia Res 99/2011,Hospital Sbarra (La Plata) - 1º instancia Res 99/2011,Calle 8 nº 1689,,Tel: 0221 - 4573497
Buenos Aires ,Junta Evaluadora Hospital San Juan de Dios - La Plata 1º  Instancia Res 99/2011,Hospital San Juan de Dios - La Plata 1º  Instancia Res 99/2011,Hospital San Juan de Dios - Servicio de Consulta Ambulatoria -Calle 27. Entre 70 y 71,"Martes, Miercoles y jueves  de 09 a 12 hs.",Tel:0221-  4575454 int 133
Buenos Aires ,Junta Evaluadora Municipalidad de Lezama,Municipalidad de Lezama,Hosp Francisco Quijano - Desvío Ruta 57 s/n,2º y 4º jueves de cada mes 9:30 a 13 hs.,Tel: 02242-432819 / 02242- 432149
Buenos Aires ,Junta Evaluadora de HIGA San Martin.  La Plata,de HIGA San Martin.  La Plata,"Hospital HIGA San Martín, Servicio de Medicina Física y Rehabilitación - Calle 69 y 116","Martes, Mierc. Y Jueves de 08 a 12 hs.",0221-4644338//4211190
Buenos Aires ,Junta Evaluadora  Hospital Municipal de Chascomus,Hospital Municipal de Chascomus,Hospital Municipal (107) - Avenida Lastra e Hipólito Yrigoyen,1º y 3º Jueves de cada mes   9:30 a 14 hs,(02241) 431330/(02241) 431339
Buenos Aires ,Junta Evaluadora Berisso,Berisso,"Municiplidad de Berisso, Hospital Larrain - Calle 5 Nº 4435",,Tel: 0221-4611101
Buenos Aires ,Junta Evaluadora Pila,Pila,Hospital Municipal de Pila - Calle 4 esquina 11,,2242498230 / 02242-49-8278
Buenos Aires ,Junta Evaluadora Hospital  Dr. Ricardo Gutierrez (La Plata) 1era instancia. Res 99/2011,Hospital  Dr. Ricardo Gutierrez (La Plata) 1era instancia. Res 99/2011,Hospital Dr. Ricardo Gutierrez - Diagonal 114 39 y 40,,0221-4830171/75
Buenos Aires ,Junta Evaluadora San Vicente,San Vicente,Hospital General de Agudos Dr. Ramon Carrillo - Pascual Santoro esq. Mattheu,Junta evaluadora: dias jueves desde las 14hs,(02225) 481415/482081/483640
Buenos Aires ,Junta Evaluadora San justo- La Matanza,San justo- La Matanza,HOSPITAL PAROISSIEN - Ruta Nac. N° 3 y Km.21.Isidro Casanova,Lun. A Vie. De 8 a 14.30 Hs.,4486-3131 tel  Reg XII
Buenos Aires ,Region Sanitaria XII Descentralizada,Region Sanitaria XII Descentralizada,Juan Manuel de Rosas 17798 - Gonzalez Catan,,Tel. 02202-419035
Buenos Aires ,Region Sanitaria XII Descentralizada,Region Sanitaria XII Descentralizada,Rivadavia 13518- Ramos Mejia,,
Mendoza,Junta Central Evaluadora de Personas (Nro. de junta 198),Junta Central Evaluadora de Personas (Nro. de junta 198),Dirección de Asistencia Integral a la Persona con Discapacidad de la provincia de Mendoza: Sede Central - España 922 (5500) Cdad de Mendoza -,Lu 8:30 a 12:30 hs,(0261) 425 4780
Mendoza,Junta Evaluadora Luján de Cuyo (Nro. de junta 200),Luján de Cuyo (Nro. de junta 200),Taboada y Vargas,Lunes a Viernes de 08 a 12,tel: 4987-460 / 4986-922  Fax 9910
Mendoza,Junta Evaluadora San Martín (Nro. de junta 203),San Martín (Nro. de junta 203),Almirante Brown y España,Lunes a Viernes de 08 a 12,tel: 263 / 40362 / 420074 int 169 o 161
Mendoza,Junta Evaluadora Malargüe (Nro. de junta 205),Malargüe (Nro. de junta 205),Vacunación Central,Lunes a Viernes de 08 a 12,Tel: 02627 / 470505 int 202
Mendoza,Junta Evaluadora Tunuyán (Nro. de junta 206),Tunuyán (Nro. de junta 206),Hospital Regional Dr. A. Scaravelli,Lunes a Viernes de 08 a 12,tel: 02622 / 411963
Mendoza,Junta Evaluadora Tupungato (Nro. de junta 201),Tupungato (Nro. de junta 201),Almirante Brown 958,Lunes a Viernes de 08 a 12,Tel: 02622 / 489153
Mendoza,Junta Evaluadora Gral. Alvear (Nro. de junta 207),Gral. Alvear (Nro. de junta 207),San Rafael Nº 175,Lunes a Viernes de 08 a 12,tel: 02625-425861
Mendoza,Junta Evaluadora San Rafael (Nro. de junta 208),San Rafael (Nro. de junta 208),Córdoba 156,Lunes a Viernes de 08 a 12,tel: 260 / 449279 / 449317
Mendoza,Junta Evaluadora Lavalle (Nro. de junta 209),Lavalle (Nro. de junta 209),Área de Salud del Municipio,Lunes a Viernes de 08 a 12,tel: 494-1167 / 494-1617
Mendoza,Junta Evaluadora Guaymallen (Nro. de junta 204),Guaymallen (Nro. de junta 204),Mitre y Godoy Cruz,Lunes a Viernes de 08 a 12,tel: 445-3566 int 110
Mendoza,Junta Evaluadora Maipú (Nro. de junta 202),Maipú (Nro. de junta 202),Barcala 155 entre Pezcara y Gral Gutiérrez,"Lunes, Martes, Jueves y Viernes de 8 a 12",tel: 497-4285
Mendoza,Junta Evaluadora Junín (Nro. de junta 210),Junín (Nro. de junta 210),Acción Socil del Municipio / San Martin Nº 15,Lunes a Viernes de 08 a 12,tel: 02623-492680  int 141-148
Mendoza,Junta Evaluadora Santa Rosa (Nro. de junta 211),Santa Rosa (Nro. de junta 211),Julio A. Roca y Libertad,Lunes a Viernes de 08 a 12,
Mendoza,Junta Evaluadora Rivadavia (Nro. de junta 212),Rivadavia (Nro. de junta 212),Área Social del Municipio  tel: 02623-444544 int 223,,tel: 02623-444544 int 223
Mendoza,Junta Evaluadora Las Heras  (Nro. de junta 232),Las Heras  (Nro. de junta 232),San Miguel 1457,Lunes a Viernes de 08 a 12,tel: 437-8126 / 430-4000 int267
Mendoza,Junta Evaluadora La Paz (Nro. de junta 294),La Paz (Nro. de junta 294),"25 de mayo esquina Bandera de los Andes, La Paz",,
Mendoza,Junta Evaluadora Municipalidad de Godoy Cruz (Nro. de junta ),Municipalidad de Godoy Cruz (Nro. de junta ),,,Tel. 0361 4283680
Mendoza,Junta Evaluadora Municipalidad de Mendoza  (Capital),Municipalidad de Mendoza  (Capital),"09 de julio y Moscón - CIC Nº 1, Mendoza Capital",,
Santa Fe,"Sub-Junta Evaluadora de Personas 1 Arroyo Seco
 (Nodo Rosario)","Sub- de Personas 1 Arroyo Seco
 (Nodo Rosario)",Municipal de Arroyo Seco - 9 de Julio y vías del ferrocarril,Lun a Vie de 8:00 a 13:00 hs,03402-426000
Santa Fe,"Junta Evaluadora de Personas 2 Cañada Gómez
 (Nodo Rosario)","de Personas 2 Cañada Gómez
 (Nodo Rosario)",Hospital San José - JE Hospital Cañada de Gómez - Urquiza 750,Lun 8:00 a 13:00 hs,03471 420025/28
Santa Fe,Sub-Junta Evaluadora de Personas 3 Casilda (Nodo Rosario),Sub- de Personas 3 Casilda (Nodo Rosario),Hospital San Carlos de Casilda - 9 de Julio 2351,Lun a Vie 8:00 a 12:00 hs.,03464-422382 / 422107 - int. 110
Santa Fe,Sub-Junta Evaluadora de Personas 4 Agudo Avila (Nodo Rosario) (en sistema junta Nº 2 Rosario),Sub- de Personas 4 Agudo Avila (Nodo Rosario) (en sistema junta Nº 2 Rosario),"Centro Regional de Salud Mental Dr. Agudo Avila
 (Hosp Pisquitarico) - Suipacha 667","Mar, Mier y Vie de 8:00 a 13:00 hs",0341 - 4721164 / 1165
Santa Fe,Sub-Junta Evaluadora de Personas 5 Cnel Bogado (Nodo Rosario),Sub- de Personas 5 Cnel Bogado (Nodo Rosario),SAMCO de Coronel Bogado - Moreno 698,,03402 - 491200
Santa Fe,Sub-Junta Evaluadora de Personas 6 Inclusion (Nodo Rosario) (en sistema junta Nº 1 Rosario),Sub- de Personas 6 Inclusion (Nodo Rosario) (en sistema junta Nº 1 Rosario),"Direc. Pcial. De Inclusión p/ Personas con Discapacidad (2º Circ.) 
9 de Julio 325","Lunes, Martes, Mier y Jue de 13:00 a 18:00",0341 - 4721164 / 1165 - Turnos 0341 - 4721164 / 65
Santa Fe,Sub-Junta Evaluadora de Personas 7 Firmat (Nodo Rosario),Sub- de Personas 7 Firmat (Nodo Rosario),SAMCO Firmat - Santa Fe 1860,Lu a Vie 8:30 a 13:00 hs,03465 42 3528/ 424241
Santa Fe,Sub-Junta Evaluadora de Personas 8 Eva Perón (Nodo Rosario) (en sistema junta Nº 3 Rosario),Sub- de Personas 8 Eva Perón (Nodo Rosario) (en sistema junta Nº 3 Rosario),"Hospital Escuela Eva Perón de Granadero Baigorria
 (Hospital General) - Av. San Martín 1645",Lu a Vie de 8:00 a 13:00 hs,0341 - 4710962 - Turnos: 0341 - 4721164/65 - lunes a viernes -Tel. 0341 - 4710962
Santa Fe,Sub-Junta Evaluadora de Personas 9  ILAR (Nodo Rosario) (en sistema junta Nº 4 Rosario),Sub- de Personas 9  ILAR (Nodo Rosario) (en sistema junta Nº 4 Rosario),"Instituto lucha Antipoliomielítica de Rehabilitación del Lisiado
 (Disc Motora) - Paraguay y Ocampo",Lun a vie de 8:00 a 13:00 hs,0341 - 4721164 / 1165
Santa Fe,Sub-Junta Evaluadora de Personas 10 Junta Municipal Rosario (Nodo Rosario),Sub- de Personas 10 Junta Municipal Rosario (Nodo Rosario),Corrientes 2452,Martes de 8 a 13 hs,Turnos: 0341 - 4721164 / 65
Santa Fe,Sub-Junta Evaluadora de Personas 11 San lorenzo (Nodo Rosario),Sub- de Personas 11 San lorenzo (Nodo Rosario),Municipalidad de San Lorenzo - Richieri 517,"Mar, Mier y Vie de 14:00 a 18.00 hs",03476 - 422295
Santa Fe,Sub-Junta Evaluadora de Personas 12 San jorge (Nodo Rosario),Sub- de Personas 12 San jorge (Nodo Rosario),Hospital de San Jorge - Urquiza 1648,,03406 - 441666  / 700
Santa Fe,Sub-Junta Evaluadora de Personas 13 Venado Tuerto (Nodo Rosario),Sub- de Personas 13 Venado Tuerto (Nodo Rosario),"SAMCO ""Dr. Alejandro Gutierrez"" Venado Tuerto - Gutierrez 55.",Lu y Jue 8:00 a 13:00 hs,03462 439098/099
Santa Fe,Sub-Junta Evaluadora de Personas 14 Villa Constitución,Sub- de Personas 14 Villa Constitución,SAMCO Villa Constitución - Bolivar 1600 Villa Constitución (2919),Mie 8:00 a 11:00 hs - Lun. 11:00 a 13:00 (turnos programados),03400 474057/ 473474 / 473448
Santa Fe,Sub-Junta Evaluadora de Personas San Javier 15 (NODO STA FE),Sub- de Personas San Javier 15 (NODO STA FE),Madrejón 1320 - San Javier  (3005),Viernes de 6:50 a 12 hs,03405 424247 / 03405 420343
Santa Fe,Sub-Junta  Evaluadora de Personas  16 V G Galvez (Nodo Rosario),Sub-Junta  Evaluadora de Personas  16 V G Galvez (Nodo Rosario),Hospital Dr. Anselmo Gamen -V.G. Gálvez - Balcarce 1355 - 1º Piso,,0341-5186993 / 5187334
Santa Fe,Sub-Junta  Evaluadora de Personas-17  Weelwright (Nodo Rosario),Sub-Junta  Evaluadora de Personas-17  Weelwright (Nodo Rosario),"SAMCO de WHEELWRIGHT
Sede: Servicio para la atencion Medica de la comunidad
San Martin y H. Vila -Wheelwright (2722)",,02473-480849
Santa Fe,Sub-Junta Evaluadora de Personas (II) Sta Fe -18 (Nodo Santa Fe),Sub- de Personas (II) Sta Fe -18 (Nodo Santa Fe),Dirección de Discapacidad 1º Circunscripción,,
Santa Fe,,,Boulevard Zaballa 3361,,Tel. 4572475/76/77 int. 115/116
Santa Fe,Sub-Junta Evaluadora de Personas -19 Hospital Sayago (Nodo Sta Fe),Sub- de Personas -19 Hospital Sayago (Nodo Sta Fe),Blas Parera 8900.,"Ma 7:30 a 10:00 hs, 8 turnos",0342 4579237 int 123
Santa Fe,Sub-Junta Evaluadora de Personas - 20 Vera Candioti (Nodo Sta Fe),Sub- de Personas - 20 Vera Candioti (Nodo Sta Fe),"Hospital de Rehabilitación ""Dr. Carlos Vera Candioti""
Monseñor Zaspe 3738",Viernes 9 a 12 Hs.,Tel. 4573939/40 int. 113
Santa Fe,Sub-Junta  Evaluadora de Personas -21 Santo Tomé (Nodo Santa Fe),Sub-Junta  Evaluadora de Personas -21 Santo Tomé (Nodo Santa Fe),Cordoba 2027,Martes y Jueves 13 a 19 Hs.,Tel. 4746011
Santa Fe,Sub-Junta  Evaluadora de Personas -22 Helvecia (Nodo Santa Fe),Sub-Junta  Evaluadora de Personas -22 Helvecia (Nodo Santa Fe),Velez Sarsfield 830,Lunes 9 a 11 hs.,Tel. 03405-470164 int. 122
Santa Fe,Sub-Junta  Evaluadora de Personas -23 SAMCO Tostado (Nodo Sta Fe),Sub-Junta  Evaluadora de Personas -23 SAMCO Tostado (Nodo Sta Fe),Vuelta de Obligado y Ruta Nro. 2,Lunes 13 a 16:30 hs,(03491) 470373
Santa Fe,"Sub-Junta  Evaluadora de Personas -24 Vera (Nodo Sta Fe)
Hospital Regional Vera","Sub-Junta  Evaluadora de Personas -24 Vera (Nodo Sta Fe)
Hospital Regional Vera",Juan de Garay Nº 2260,Jueves 9 a 13 hs.,Tel. 03483420166
Santa Fe,"Sub-Junta  Evaluadora de Personas -25  Reconquista
 (Nodo Santa FE)","Sub-Junta  Evaluadora de Personas -25  Reconquista
 (Nodo Santa FE)",H. Irigoyen 1540,Lunes y Jueves 8 a 12 hs.,03482 - 429017
Santa Fe,Sub-Junta  Evaluadora de Personas -26 Esperanza (Nodo Santa Fe),Sub-Junta  Evaluadora de Personas -26 Esperanza (Nodo Santa Fe),Janssen 2693,Viernes 12 a 15 hs.,Tel. 03496-420027
Santa Fe,Sub-Junta  Evaluadora de Personas -27 Galvez (Nodo Santa Fe),Sub-Junta  Evaluadora de Personas -27 Galvez (Nodo Santa Fe),Mitre 1551,Martes 8 a 14 hs,
Santa Fe,Sub-Junta  Evaluadora de Personas-28 El Trébol (Nodo Rosario),Sub-Junta  Evaluadora de Personas-28 El Trébol (Nodo Rosario),Bv. America 1091,,03401-422181 / 422362 / 422271 / 422542
Santa Fe,Sub-Junta  Evaluadorade Personas -  San Justo-29 (Nodo Santa Fe),Sub-Junta  Evaluadorade Personas -  San Justo-29 (Nodo Santa Fe),"Servicio para la Atención Médica de la Comunidad de San Justo
Italia 2865",,Tel. 03498-427377
Santa Fe,Sub-Junta  Evaluadorade Personas - Avellaneda 30 (Nodo Santa Fe),Sub-Junta  Evaluadorade Personas - Avellaneda 30 (Nodo Santa Fe),"SAMCo Avellaneda
Calle 16 Nº 344 CP 3561",Miercoles 8 a 11 hs.,Tel: 03482 481952
Santa Fe,"Sub-Junta  Evaluadorade Personas - Rafaela-32
 (Nodo Santa Fe)","Sub-Junta  Evaluadorade Personas - Rafaela-32
 (Nodo Santa Fe)",Lisandro de la Torre 373,Viernes 7:30 a 11:30 hs.,Tel. 03492-421621 int 167
Santa Fe,"Sub-Junta  Evaluadorade Personas - San Cristóbal-33
 (Nodo Santa Fe)","Sub-Junta  Evaluadorade Personas - San Cristóbal-33
 (Nodo Santa Fe)",Cochabamba 1456,Martes y Jueves 8 a 10 hs. y 10 a 12 hs,03408-422033 nt. 141
Santa Fe,Sub-Junta  Evaluadorade Personas - Rufino-34 (Nodo Rosario),Sub-Junta  Evaluadorade Personas - Rufino-34 (Nodo Rosario),Alem Vieyra 1261,,03382-429337
Santa Fe,Sub-Junta  Evaluadorade Personas - Calchaquí-35 (Nodo Santa Fe),Sub-Junta  Evaluadorade Personas - Calchaquí-35 (Nodo Santa Fe),"A. P. Justo y Salta
CIC Calchaqui",Martres 7:30 a 12:30 hs.,Tel. 03483 15464605 - 15464621
Santa Fe,Sub-Junta  Evaluadorade Personas - Barrancas-36 (Nodo Sta Fe),Sub-Junta  Evaluadorade Personas - Barrancas-36 (Nodo Sta Fe),"Dr Agote 132, Barrancas.",Martes desde las 10:30 hs,Tel: 03466 - 420220 - 420217
Santa Fe,Sub-Junta  Evaluadorade Personas - Alassia - (Santa Fe Capital)-37,Sub-Junta  Evaluadorade Personas - Alassia - (Santa Fe Capital)-37,"Hospital de Niños Dr Orlando Alassia
Mendoza 4151, Ciudad de Santa Fe",,0342-4505963
Santa Fe,Sub-Junta  Evaluadorade Personas - Villa Ocampo 38 (Nodo Sta Fe),Sub-Junta  Evaluadorade Personas - Villa Ocampo 38 (Nodo Sta Fe),Dr. Ferrán 2129,Miercoles 8 a 12 hs.,Tel. 03482-466002 int. 111
Santa Fe,Sub-Junta  Evaluadorade Personas - Hospital J M Cullen-39 (Nodo Sta Fe),Sub-Junta  Evaluadorade Personas - Hospital J M Cullen-39 (Nodo Sta Fe),"Av Freyre 2150, Santa Fe Capital.",,Tel. 4573357 int. 117/112 (secretaria)    int. 271 (asistentes Sociales)
Santa Fe,Sub-Junta  Evaluadorade Personas - Hospital  J B Iturraspe-40 (Nodo Sta Fe),Sub-Junta  Evaluadorade Personas - Hospital  J B Iturraspe-40 (Nodo Sta Fe),Bv Pellegrini 3351 - Ciudad de Santa Fe,,Tel. 4572475/76
Santa Fe,Sub-Junta  Evaluadorade Personas - Intiyaco-41 (Nodo Santa Fe),Sub-Junta  Evaluadorade Personas - Intiyaco-41 (Nodo Santa Fe),Estanislao López s/n - Intiyaco,,Tel. 03482-490303
Santa Fe,Sub-Junta  Evaluadorade Personas - Hosp. Niños Munic. Dr. Vilella-42 (Nodo Rosario),Sub-Junta  Evaluadorade Personas - Hosp. Niños Munic. Dr. Vilella-42 (Nodo Rosario),Gral. Virasoro 1855 - Rosario,Miercoles de 8 a 12 hs.,0341-4721164/4721165
Santa Fe,Sub-Junta  Evaluadorade Personas - Colonia Psiquiatrica Oliveros - 43 (Nodo Rosario),Sub-Junta  Evaluadorade Personas - Colonia Psiquiatrica Oliveros - 43 (Nodo Rosario),Ruta 11 - KM 356 Zona Rural,,03476-498039/470239
Santa Fe,"Sub-Junta  Evaluadorade Personas - Elortondo - 44 
(Nodo Rosario)","Sub-Junta  Evaluadorade Personas - Elortondo - 44 
(Nodo Rosario)",25 de Mayo 777,,03462-470130
Santa Fe,"Sub-Junta  Evaluadorade Personas -Villa Cañas - 45
(Nodo Rosario)","Sub-Junta  Evaluadorade Personas -Villa Cañas - 45
(Nodo Rosario)",Municipalidad Villa Cañas (Calle 53 Nro. 454),,Tel. 03462-450201/0541/0551/0416
Santa Fe,Sub-Junta  Evaluadorade Personas -Municipalidad de Perez - 46 (Nodo Rosario),Sub-Junta  Evaluadorade Personas -Municipalidad de Perez - 46 (Nodo Rosario),Desarrollo Social Municipalidad de Perez - Medrano 1169,,Tel. 0341-4951200
Formosa,Junta Central Evaluadora de Personas (Nro de junta 238),Junta Central Evaluadora de Personas (Nro de junta 238),Centro de día - Junín y Yunká,Lu a Vi: 8:00 hs a 12:00 hs,03717-436446
Misiones,Junta Central Evaluadora de Personas,Junta Central Evaluadora de Personas,Tucumán 2171 - Posadas,Lu a Vi 07:00 a 12:30:00 Hs,0376-4444082
Misiones,Junta Evaluadora de El Dorado,de El Dorado,"Servicio de Rehab. SAMIC 
Dr. Prieto S/N - El Dorado -",,Tel. (03751) 421536 int. 191
Misiones,Junta Evaluadora de Personas- 3 Guaraní,de Personas- 3 Guaraní,H. San Vicente. Acc. Social Intendencia. Tupac Amaru s/n,,
Misiones,Junta Evaluadora de Personas- auxiliar,de Personas- auxiliar,"H. Iguazú. Acción Social ¨puerto Esperanza
Victoria Aguirre 131. Intendencia",,
Misiones,Junta Evaluadora de Personas- 4 - Alem,de Personas- 4 - Alem,LN. Alem - H. Alem. Rivadavia 710,,
Misiones,Junta Evaluadora de Personas- 5 - Oberá,de Personas- 5 - Oberá,CIC. Calle Salto 2 hermanas. Villa Schuster,,
Misiones,Junta Evaluadora de Personas- 6 - San Pedro,de Personas- 6 - San Pedro,H. San Pedro. Corrientes y Argentina,,
Misiones,Junta Evaluadora de Personas- 7 - Capital,de Personas- 7 - Capital,"H. Madariaga. Lopez Torres 1177
H. Carrillo. Ruta 12 Itaimbe Mini
H. Pedriático. Mariano Moreno y Lopez Torres
IMFiR Instituto Rehabilitación Municipal.
Blas Prera Bº Yacyreta",,
Misiones,Junta Evaluadora de Personas- 8 - Apóstoles,de Personas- 8 - Apóstoles,Acción Social Intendencia. Expoyerba,,
Misiones,Junta Evaluadora de Personas- 9 - Cainguas,de Personas- 9 - Cainguas,CIC A del Valle. Paraguay y Dr. Errecaborde,,
Misiones,Junta Evaluadora de Personas- 10 - San Javier,de Personas- 10 - San Javier,H. San Javier. La Saga 121,,
Chaco,Junta Central Evaluadora de Personas (Nro. de junta  241),Junta Central Evaluadora de Personas (Nro. de junta  241),"Hospital Julio C Perrando-Sede Central - Resistencia -
Av. 9 de Julio 1100","Lu a Vi: 08 a 12 hs información -
 Evaluación 5 veces por semana",0362-44255050 int.1813
Chaco,Sub-Junta Evaluadora de Personas - Instituto provincial para la inclusion de las personas con discapacidad (IPRODI CH),Sub- de Personas - Instituto provincial para la inclusion de las personas con discapacidad (IPRODI CH),Donovan 53 - Resistencia,,Tel. 0362-4453101
Chaco,"Sub-Junta Evaluadora de Personas - P Roque Saenz Peña
 (Nro. de junta  299)","Sub- de Personas - P Roque Saenz Peña
 (Nro. de junta  299)","Hospital 4 de junio- Presidencia Roque Saenz Peña
AV MALVINAS ARGENTINAS 1350",Lu a Vi: 13 a 17 hs información,(3732) 42-0667
Chaco,"Sub-Junta Evaluadora de Personas - Juan José Castelli
 (Nro. de junta  260)","Sub- de Personas - Juan José Castelli
 (Nro. de junta  260)","Hospital Gral. Guemes- sede Juan José Castelli
AV SAN MARTIN 1050","Lu a Vi: 13 a 17 hs. Información
2 veces por semana evaluación",(3732) 47-1050
Chaco,"Sub-Junta Evaluadora de Personas - Villa Angela
 (Nro. de junta  300)","Sub- de Personas - Villa Angela
 (Nro. de junta  300)","Hospital Salvador Mazza - Villa Angela
Buenos Aires s/n","Martes y jueves a partir de las 8:30 hs -
 4 turnos por día
2 veces por semana evaluación",(3735) 42-0056
Chaco,"Sub-Junta Evaluadora de Personas - Gral. San Martín
 (Nro. de junta  246)","Sub- de Personas - Gral. San Martín
 (Nro. de junta  246)",Hospital Félix Pertile-Gral. San Martín,Jueves 10/12 hs,
Chaco,"Sub-Junta Evaluadora de Personas - Las Breñas
 (Nro. de junta  301)","Sub- de Personas - Las Breñas
 (Nro. de junta  301)",Hospital 9 de Julio - Las Breñas,Mierc. 8/12 hs,03731 460034
"Santiago
del
Estero","Junta  Central Evaluadora de Personas
 (Nro. de junta  116/117)","Junta  Central Evaluadora de Personas
 (Nro. de junta  116/117)","Güemes y Misiones, Santiago del Estero",Lunes a Viernes de 7 a 13 hs.,tel-.0385-4242207
San Juan,"Junta Central Evaluadora de Personas
 (Nro. de junta 261 )","Junta Central Evaluadora de Personas
 (Nro. de junta 261 )",Mendoza 398 Sur - San Juan Capital -,Mañana 7 a 13 hs. Tarde de 14 a 19 hs.,
San Juan,"Junta Evaluadora de Personas Albardón 
 (Nro. de junta 305)","de Personas Albardón 
 (Nro. de junta 305)",Hospital José Giordano - Calle Rawson 1850 - Albardón -,Junta: Martes 8 a 14 hs,(0264) 4912507
San Juan,"Junta Evaluadora de Personas Dto Iglesia 
(Nro. de junta 464)","de Personas Dto Iglesia 
(Nro. de junta 464)",Polideportivo Municipal Calle Peron S/N - Iglesia,Martes 9 a 14,tel: 02647-493008
San Juan,Junta Evaluadora de Personas Rawson,de Personas Rawson,"Sede en el Coloso Dependencias Municipales
Calle Libano y Av. España - Rawson -",Atencion diaria por la mañana,Tel. 0264 4280677 / 78
La Rioja,Junta  Central Evaluadora de Discapacidad San Vicente,Junta  Central Evaluadora de Discapacidad San Vicente,"Zona Sanitaria I.- CPS. San Vicente 
Oyola y Pamplona B° San Vicente - La Rioja Capital",Martes 14:00 a 18:00 Hs,(0380) 4424210
La Rioja,Junta Discapacidad Domiciliaria (Itinerante),Junta Discapacidad Domiciliaria (Itinerante),"Zona Sanitaria I.- CPS Faldeo del VelascoSur
Ortiz de Ocampo 1700 - La Rioja Capital",Jueves 08:00 a 13:00 hs.,03822 468431
La Rioja,Junta Evaluadora Disc. Hosp E. Vera Barros,Disc. Hosp E. Vera Barros,"Hospital Regional Dr. Enrique Vera  Barros
Calle Olta y 26 de Septiembre. La Rioja",Viernes 08:00 a 13:00 hs.,0380 -4453552/4453553/4453554
La Rioja,Junta Evaluadora Discapacidad Aimogasta,Discapacidad Aimogasta,"Zona Sanitaria II. - Hospital San Nicolás
Casimiro Godoy s/n.",Jue 8:00 a 13:00 hs,(03827) 429004
La Rioja,Junta Evaluadora Disc. Hospital Eleazar Herrera,Disc. Hospital Eleazar Herrera,"Zona Sanitaria III.- Hospital Eleazar H Mota
Cabero 500. Chilecito",Ma y Vi  8:00 a 13:00 hs,
La Rioja,"Junta Evaluadora Hosp Zonal "" Dr Neyra"" 
Zona Sanitaria Nº 4","Hosp Zonal "" Dr Neyra"" 
Zona Sanitaria Nº 4","Región Sanitaria IV - Hospital ""Eduardo Neyra""
 - Villa Union - Arenales s/n",Mi 9:00 a 13:00 hs,
La Rioja,Junta Evaluadora Disc. Hospital Chamical,Disc. Hospital Chamical,"Zona Sanitaria V.- Hospital Luis Agote
Constantitno Carver esq. El Chacho",Jueves  8:00 a 13:00 hs,(03826) 42020/2021/2023
La Rioja,Junta Evaluadora Hospital Zonal Chepes,Hospital Zonal Chepes,"Zona Sanitaria VI.- Hospital Luis Pasteur
San Juan s/n",Ma 8:00 a 13:00 hs,(03821) 429105
La Rioja,Junta Evaluadora Disc. CPS Faldeo Velazco Sur,Disc. CPS Faldeo Velazco Sur,Ortiz de Ocampo 1700 - La Rioja Capital-,Jueves de 8 a 13 hs.,(0380) 4453755
La Rioja,"Sub-Junta Evaluadora interdisciplinaria
Zona Sanitaria III CAMPANAS","Sub- interdisciplinaria
Zona Sanitaria III CAMPANAS",Zona Sanitaria III.- Hospital Zona Sanitaria,,Tel. 03827-420350
La Rioja,Junta  Central Evaluadora de Personas (San Vicente),Junta  Central Evaluadora de Personas (San Vicente),Oyola yPamplona B° San Vicente,Martes 14:00 a 18:00 Hs,(03822) 424210
La Rioja,Sub-Junta Evaluadora de Personas 2,Sub- de Personas 2,Hospital Enrique Vera  Barros,Viernes 08:00 a 13:00 hs.,
Jujuy,Junta Central Evaluadora de Personas,Junta Central Evaluadora de Personas,Independencia Nº 41 - San Salvador de Jujuy -,,
Jujuy,Junta Evaluadora de Personas nº 2,de Personas nº 2,,,
Tucuman,Junta Central Evaluadora de Personas,Junta Central Evaluadora de Personas,Alberdi 416 - San Miguel de Tucuman -,Lun-Vier: 07.30 a 12.30,
Entre Ríos,Junta Central Evaluadora de Personas Paraná,Junta Central Evaluadora de Personas Paraná,Gregoria Matorras de San Martín Nº 861 y Azcuenaga - Paraná,Lu a Vi: 07.00 a 13 hs,0343 - 4236473 / 4208280
Entre Ríos,Sub-Junta Evaluadora de Personas  Concordia,Sub- de Personas  Concordia,Hospital Felipe Heras - Concordia -Entre Rios 135,Lu. A Vi. De 7 a 13 hs.,Tel: 0345 421 2580
Entre Ríos,Sub-Junta Evaluadora de Personas  Concepción,Sub- de Personas  Concepción,Hospital J.J. de Urquiza Av. Uncal y Vias del Ferrocarril - Concepción -,Lunes a Viernes de 07 hs a 13 hs.,Tel. 03442-443900/01  Fax 03442-441278
Entre Ríos,Sub-Junta Evaluadora de Personas Federación,Sub- de Personas Federación,Hospital San José D' Angelo S/ N - Federación -,Martes de 9:30 a 13 hs y de 16 a 17 hs.,03456 481111
Entre Ríos,Sub-Junta Evaluadora de Personas Chajarí,Sub- de Personas Chajarí,Moreno y Cepeda - Chajarí - CIC,Viernes de 12 a 18 hs,0345 426380
Entre Ríos,Sub-Junta Evaluadora de Personas Gualeguaychú,Sub- de Personas Gualeguaychú,CIC - Perigman 2300,Jueves de 13 a 17 hs.,Tel. 03446-437060
Entre Ríos,Sub-Junta Evaluadora de Personas Gualeguay,Sub- de Personas Gualeguay,Hospital San Antonio De La Soberania 179  - Gualeguay -,Mier. de 13 a 17 hs.,03444 424898
Entre Ríos,Sub-Junta Evaluadora de Personas Nogoyá,Sub- de Personas Nogoyá,25 de Mayo 876 e/Centenario y Alem (Of Municipal),Lunes y mier. de 10 a 12:30 hs.,Tel. 03435-421866
Entre Ríos,Sub-Junta Evaluadora de Personas Villaguay,Sub- de Personas Villaguay,Centro Provincial de Rehabilitacion Hospital Sta Rosa - Jose de San Martin S/N,,03455 421581
Catamarca,Junta Central Evaluadora de Personas,Junta Central Evaluadora de Personas,Avda. Perón N° 11 ( Esq. Avda. A. Illía),Lunes a Viernes de 07.00 horas a 12.00 horas.,
Catamarca,Sub-Junta Evaluadora de Personas Santa Maria,Sub- de Personas Santa Maria,Htal Dr. Luis Vargas - Santa Maria - Av. 1º de Mayo 269,,Tel. 03838-420263
Córdoba,Junta Central Evaluadora de Personas,Junta Central Evaluadora de Personas,Hospital de Niños de la Santísima Trinidad Bajada Pucará s/n  B° Crisol,"Miércoles y Jueves de 8,00 a 13,00 horas",(0351) 458 6400
Córdoba,Sub-Junta Evaluadora de Personas 2,Sub- de Personas 2,Hospital Neuropsiquiátrico Provincial Saavedra Sud 160 B° Juniors,"Viernes de 8,00 a 13,00 horas",(0351) 434 2429
Córdoba,Sub-Junta Evaluadora de Personas 3,Sub- de Personas 3,Hospital Nuestra Señora de la Misericordia Belgrano 1502 B° Guemes,"Lunes a Viernes de 8,00 a 13,00 horas",(0351) 434 4100
Córdoba,Sub-Junta Evaluadora de Personas 4,Sub- de Personas 4,Hospital Pediátrico del Niño Jesús Castro Barros 650 B° San Martín,"Martes y Viernes de 8,00 a 13,00 horas",(0351) 434 6060
Córdoba,Sub-Junta Evaluadora de Personas 5,Sub- de Personas 5,Hospital Tránsito Cáceres de Allende Pringles 1002 B° Pueyrredon,"Miércoles de 8,00 a 13,00 horas",(0351) 434 2411
Córdoba,Sub-Junta Evaluadora de Personas 6,Sub- de Personas 6,"Hospital Josefina Prieu, Balbín 77 Villa Allende. Departamento de Colón.","Viernes de 8,00 a 13,00 horas",(03543) 431409
Córdoba,Sub-Junta Evaluadora de Personas 7,Sub- de Personas 7,Hospital Aurelio Crespo Félix Cáceres s/n Cruz del Eje. Departamento de Cruz del Eje.,"Jueves de 8,00 a 13,00 horas",(03549) 42 6747
Córdoba,Sub-Junta Evaluadora de Personas 8,Sub- de Personas 8,Hospital Regional Pasteur Mendoza 2152 Villa María. Departamento de General San Martín,"Martes y Miércoles de 8,00 a 13,00 horas",(0353) 461 9138
Córdoba,Sub-Junta Evaluadora de Personas 9,Sub- de Personas 9,Hospital Regional Dr. Ernesto Romagosa Colón 247 Dean Funes. Departamento de Inschilin,"Jueves y Viernes de 8,00 a 13,00 horas",(03521) 426223
Córdoba,Sub-Junta Evaluadora de Personas 10,Sub- de Personas 10,Hospital Dr. Abel Ayerza Belgrano 350 Marcos Juarez. Departamento de Marcos Juarez.,"Miércoles de 8,00 a 13,00 horas",(03472) 422820
Córdoba,Sub-Junta Evaluadora de Personas  11,Sub- de Personas  11,Hospital Ramón J. Carcano Av. Juan D. Perón 20  Laboulaye. Departamento de Pte Roque Saenz Peña,"Jueves de 8,00 a 13,00 horas",(03385) 453242
Córdoba,Sub-Junta Evaluadora de Personas  12,Sub- de Personas  12,Hospital Colonia Santa María  Santa María de Punilla. Departamento de Punilla,"Lunes y Viernes de 8,00 a 13,00 horas",(03541) 48 9674
Córdoba,Sub-Junta Evaluadora de Personas 13,Sub- de Personas 13,Hospital Central General Mosconi 486 Rio Cuarto. Departamento de Rio Cuarto,"Jueves de 8,00 a 13,00 horas",(0358) 467 2934
Córdoba,Sub-Junta Evaluadora de Personas 14,Sub- de Personas 14,Hospital San Vicente de Paul Bv. Sobremonte 550 Villa del Rosario. Departamento de Rio Segundo.,"Lunes de 8,00 a 13,00 horas",(03573) 42 4704
Córdoba,Sub-Junta Evaluadora de Personas 15,Sub- de Personas 15,Hospital Villa Dolores Av. Belgrano 1500 Villa Dolores. Departamento de San Javier.,"Miércoles de 8,00 a 13,00 horas",(03544) 42 6437
Córdoba,Sub-Junta Evaluadora de Personas 16,Sub- de Personas 16,Hospital J.B. Iturraspe Domingo Cullen 450 San Francisco. Departamento de San Justo.,"Martes y Viernes de 8,00 a 13,00 horas",(03564) 443722
Córdoba,Sub-Junta Evaluadora de Personas 17,Sub- de Personas 17,Hospital Dr. Carlos J. Rodriguez- Arroyito Av. Carlos Pontin 750  Arroyito. Departamento de San Justo.,"Jueves de 8,00 a 13,00 horas",(03576) 42 1190
Córdoba,Sub-Junta Evaluadora de Personas 18,Sub- de Personas 18,Hospital Arturo U. Illía  Av. Del Libertador 1450 Alta Gracia. Departamento de Santa María,"Miércoles de 8,00 a 13,00 horas",(03547) 42 9282
Córdoba,Sub-Junta Evaluadora de Personas 19,Sub- de Personas 19,Hospital Complejo Asistencial Bell Ville Gerónimo del Barco 1300 Bell Ville. Departamento de Unión,"Jueves de 8,00 a 13,00 horas",(03534) 421003
Córdoba,Sub-Junta Evaluadora de Personas 20,Sub- de Personas 20,Hospital Vicente Agüero-Jesús María,,
Córdoba,Sub-Junta Evaluadora de Personas 21,Sub- de Personas 21,"Hospital Preventivo San Roque Rosario de Santa Fe Nº 374 Bº, Centro.",,
Corrientes,Region Sanitaria I- Junta Evaluadora Central- Ctes Capital,Region Sanitaria I-  Central- Ctes Capital,SANTA FE 731 -Corrientes Capital -,Lunes a Viernes de 7 a 13 hs.,0379-154751123
Corrientes,Sub-Junta Evaluadora de Personas de Goya,Sub- de Personas de Goya,Hosp Regional de Goya - Dr. Camilo Muniagurria  Av. T. Mazzanti 550 - Goya -,Turnos: Lunes a Viernes 7 a 13 hs.  Junta: Martes y Jueves de 8 a 10:30 hs.,(03777) 422283 int 139
Corrientes,Sub-Junta Evaluadora de Personas Saladas,Sub- de Personas Saladas,"Hospital María Auxiliadora, J R Vidal s/n, SALADAS",Martes y Jueves de 8 a 11 hs.,03782-421082 / 2310
Corrientes,Sub-Junta Evaluadora de Personas de Mercedes,Sub- de Personas de Mercedes,"Región Sanitaria IV - MERCEDES - Hospital Las Mercedes - Av. Virasoro s/n,  Mercedes","Lunes, Miercoles y Jueves de 8:30 a 13 hs. y Martes de 16:30 a 19 hs.",03773-420031
Corrientes,Sub-Junta Evaluadora de Personas de Santa Tome,Sub- de Personas de Santa Tome,"Región Sanitaria V - SANTA TOME -Hospital San Juan Bautista - Beltrán 451,  Santo Tomé -",Miercoles y Viernes de 8 a 12 hs.,03756-422410/420281
Corrientes,Sub-Junta Evaluadora de Personas de Paso de los Libres,Sub- de Personas de Paso de los Libres,"Hosp. ""San Jose"" PASO DE LOS LIBRES  E.Alisio Nº 650",Lunes a Viernes de 8 a 12 hs.,Tel. 03772-428127/28
"Tierra 
del
Fuego",Junta Evaluadora para la Discapacidad,para la Discapacidad,Onachaga Nº 146 - Ciudad de Ushuaia,"Lunes, Mierc. Y Viernes 10 a 14hs
Atención Juntas: Martes de 8 a 16 hrs.",02901-437431
"Tierra 
del
Fuego",Junta Evaluadora para la Discapacidad,para la Discapacidad,Belgrano Nº350 - Ciudad de Río Grande,"AT. Publico: Lunes, Mierc. y Viernes 10 a 14hs.",02964-422086 Int 154
INAREPS,Junta Única,Junta Única,"Ruta n°88, km 1,5 (B7604EQA) - Mar del Plata",,
"Santa 
Cruz",Junta Central Evaluadora de Personas - Rio Gallegos,Junta Central Evaluadora de Personas - Rio Gallegos,Hospital Regional Rio Gallegos - José Ingenieros 98,,Tel. 02966-425411 int. 2364
"Santa 
Cruz",Sub-Junta Evaluadora de Personas 2 - El Calafate,Sub- de Personas 2 - El Calafate,Htal. Distrital del Calafate (Av. Roca 1487),,Tel. 02902-491173
"Santa 
Cruz",Sub-Junta Evaluadora de Personas 3 - Perito Moreno,Sub- de Personas 3 - Perito Moreno,Hospital de Perito Moreno (Colon 1237),,Tel. 02963-432011
"Santa 
Cruz",Sub-Junta Evaluadora de Personas 4 - Río Turbio,Sub- de Personas 4 - Río Turbio,Htal. Distrital de Rio Turbio (Gendarmeria 126),,Tel. 02902-421375
"Santa 
Cruz",Sub-Junta Evaluadora de Personas 5 - Puerto Deseado,Sub- de Personas 5 - Puerto Deseado,Htal. Distrital de Puerto Deseado (España 991),,Tel. 0297-4872364
"Santa 
Cruz",Sub-Junta Evaluadora de Personas 6 - Gobernador Gregores,Sub- de Personas 6 - Gobernador Gregores,Htal. de Gobernador Gregores (Paradello 1025),,Tel. 02962-491001
"Santa 
Cruz",Sub-Junta Evaluadora de Personas 7 - Piedrabuena,Sub- de Personas 7 - Piedrabuena,Htal. Luis Piedrabuena (Saenz peña s/n),,Tel. 02962-497125
"Santa 
Cruz",Sub-Junta Evaluadora de Personas 8 - Caleta Olivia,Sub- de Personas 8 - Caleta Olivia,Htal. Zonal de Caleta Olivia (Eva Peron y Gob. Gregores),,Tel. 0297-4851389
San Luis,Junta Central Provincial San Luis,Junta Central Provincial San Luis,Centro Provincial de Rehabilitación - Ciudad de Rosario y Pasteur,"Lunes: mentales, Martes: Sensoriales,
Jueves: Viscerales, Viernes: Motores de 8 a 10.30 hrs.",0266 4431079
San Luis,Junta Villa Mercedes,Junta Villa Mercedes,Hospital Regional Juan Domingo Peron - Maipú 450,08:00a 12:00 Hs. 1 vez por semana,0266 422 001 - 421415
San Luis,Sub-junta Hospital de San Francisco,Sub-junta Hospital de San Francisco,Hospital San Francisco - Cnel Cocha S/N y San Martín,,0266-452000 int 5201
San Luis,Sub-junta Hospital de Concarán,Sub-junta Hospital de Concarán,Juan M de Rosas 117,,02656-480614
Río Negro,Junta Central Evaluadora de Personas -  Viedma,Junta Central Evaluadora de Personas -  Viedma,Area Central C.P.P.D. Viedma - Laprida 226 PB.,Lunes a viernes  de 07:00 a 14:00 hs.,(02920) 42 1833
Río Negro,Sub-Junta Evaluadora de Personas 2 - Gral. Roca,Sub- de Personas 2 - Gral. Roca,Adanil- Chacabuco 2175-,Lu a Vi: 08.00 a 14 hs.,0298 - 4429401
Río Negro,Sub-Junta Evaluadora de Personas 3 - Bariloche,Sub- de Personas 3 - Bariloche,Centro Administrativo - Onelli Nº 1450,Lu a Vi: 08.00 a 14.00 hs.,TEL. 02944-400021
Río Negro,Sub-Junta Evaluadora de Personas 4 - Villa Regina,Sub- de Personas 4 - Villa Regina,Hospital Villa Regina- Fray Luis Beltrán 476,Lu a Vi: 08.00 a 13.00 hs.,TEL. 02984-461262 / 461277
Río Negro,Sub-Junta Evaluadora de Personas 5 - Cipolletti,Sub- de Personas 5 - Cipolletti,Hospital Cipolletti. Fernández Oro 770.,Lu a Vi: 08.00 a 14.00 hs.,0299- 477 0030
Río Negro,Sub-Junta Evaluadora de Personas 6 - Luis Beltrán,Sub- de Personas 6 - Luis Beltrán,Hospital Dr Rocha. Vte López y Planes 773.,Lu a Vi: 08.00 a 13.00 hs.,fax 02946- 480 323 / tel. 02981-154755222
Río Negro,Sub-Junta Evaluadora de Personas 7 - El Bolsón,Sub- de Personas 7 - El Bolsón,Saavedra 2878 Casa del Sol,Lunes a Viernes de 8 a 13 hs.,Tel. 02944-455339/455271
Río Negro,Sub-Junta Evaluadora de Personas 8 - Río Colorado,Sub- de Personas 8 - Río Colorado,Consejo Deliberante Alem 790,Lunes a Viernes de 8 a 13 hs.,Tel. 02931 432465/431237 Miriam Muñoz
Río Negro,Sub-Junta Evaluadora de Personas 9 - Valcheta,Sub- de Personas 9 - Valcheta,Vicente Lopez y Alem - APAD,Lunes a Viernes de 8 a 14 hs.,Tel. 02944-493282/493232
Río Negro,Sub-Junta Evaluadora de Personas 10 - San Antonio Oeste,Sub- de Personas 10 - San Antonio Oeste,San Martin 483,,Tel. 0388-155226267
Río Negro,Sub-Junta Evaluadora de Personas 3 - Bariloche,Sub- de Personas 3 - Bariloche,Delegación Mrio. De Familia. Moreno 1435.,Lu a Vi: 08.00 a 13.00 hs.,02944 - 422849
Neuquén,Junta Central Evaluadora de Personas,Junta Central Evaluadora de Personas,ELORDI Nº 942,Lunes a viernes de 8 a 13 hs.,TEL:0299-4436049/4436151
Neuquén,"Sub-Junta Evaluadora de Personas 2
 San Martín de los Andes","Sub- de Personas 2
 San Martín de los Andes",DELEGACION MUNICIPAL LOS SAUCOS Y LAS MOSQUETAS - Bº El Arenal 3 de Caballeria 437,horario 8 a 13 hs.,"tel 02972-411560 / 
Junta: tel. 02972-412060"
Neuquén,Sub-Junta Evaluadora de Personas 3 Junín de los Andes,Sub- de Personas 3 Junín de los Andes,Gines Ponte 540,,02972-491560
La Pampa,Junta Central Evaluadora de Personas Santa Rosa,Junta Central Evaluadora de Personas Santa Rosa,Av Roca 851,Mar y Juev 8 a 12 hs,02954 453953
La Pampa,Sub-Junta Evaluadora de Personas 2 - Gral Pico,Sub- de Personas 2 - Gral Pico,Ctro de Salud ABUDARA - Calle 23 esq 8,Lunes  de  8:30 a 13 hs. y Jueves de 16 a 19 hs,Tel. 02302-435891
Chubut,Junta Central Evaluadora de Personas - Esquel,Junta Central Evaluadora de Personas - Esquel,Sarmiento 461,Lunes a viernes de 8:00 a 14:00hs,Tel:02945-455490-456627
Chubut,Sub-Junta evaluadora hospital zonal- ESQUEL,Sub-Junta evaluadora hospital zonal- ESQUEL,Dirección: Servicio de Rehabilitación (perteneciente a HZE) Roca 145,lunes de 8:30 a 14 hs,Tel: 02945- 457064
Chubut,Sub-Junta Evaluadora de Personas TRELEW,Sub- de Personas TRELEW,Centro de Rehabilitación Pichi Anai (dependiente de HZT) San Martín  518,miércoles y viernes desde 8.30 a las 13.30 hs.,Tel: 02804 427670
Chubut,"Sub-Junta Evaluadora de Personas - 
Hosp Sub Zonal de Puerto Madryn","Sub- de Personas - 
Hosp Sub Zonal de Puerto Madryn",Dependiente del Htal. Zonal de Puerto Madryn R.GOMEZ Nº 383,,TEL:0280-4453030
Chubut,Sub-Junta Evaluadora de Personas Comodoro Rivadavia,Sub- de Personas Comodoro Rivadavia,Av. Hipólito Irigoyen 950- Servicio de Rehabilitación Hospital Regional,Horarios de atención: 8 a 12 hs.,Tel: 0297-4473563
Chubut,Sub-Junta Evaluadora de Personas Hospital Rural de Gaiman,Sub- de Personas Hospital Rural de Gaiman,Av. E. Tello 1202,,Tel. (0280) 491002 / 1598
Chubut,Sub-Junta Evaluadora de Personas Comarca Andina,Sub- de Personas Comarca Andina,Hospital Rural El Maiten - Patagonia 615,,Tel. 02945 495437
Chubut,Sub-Junta Evaluadora de Personas Sarmiento,Sub- de Personas Sarmiento,Hospital Rural de Sarmiento - Av. Ing. Cnel Roca,,Tel. 0297 4893022 / 4542
Salta,Junta Central Evaluadora de Personas,Junta Central Evaluadora de Personas,"Calle Jujuy 402, esquina Mendoza",Lunes a viernes 8.00 a 14.00 horas,Tel. (0387) 4314886 int 220
Salta,Sub-Junta Evaluadora de Personas 3,Sub- de Personas 3,Lerma 800,"Lunes a viernes 8,30 a 14,00 horas",
